Test Loss,Test Accuracy
0.2826339782408948,0.8867924528301887
