Num classes per step,Accuracy
7,0.8660968660968661
9,0.801623266219239373
11,0.5500910746812386
13,0.38366718027734975
